题目,思路,属性,分类
矩阵求解余子式或者代数余子式,"1、单个余子式或者代数余子式：定义
2、一行（列）的余子式或者代数余子式：构造新的行列式，利用代数余子式和行列式的值的关系，将待求解的那行（列）值重新赋值（注意余子式和代数余子式赋值的差别）
3、斜对角线的代数余子式：等于伴随矩阵的斜对角元素之和（这里可以想到斜对角元素之和等于特征值之和，在知道矩阵的特征值时用这个，否则求特征值也很麻烦）
4、其它不规则的代数余子式：利用伴随矩阵求解（需要求解逆矩阵，$A^*=|A|A^{-1}$）（利用伴随矩阵时，伴随矩阵与原矩阵的代数余子式的对应关系）
5、代数余子式性质：任意一行（列）元素与另一行（列）的代数余子式的乘积之和为0
注意：如果$A^T=A^*$，则$a_{ij}=A_{ij}$（证明：应用定义）
注意：余子式与代数余子式的差别，即代数的来源（代数的系数）",中等,行列式
行列式求值-求解特征梳理,"1、行相等或者列相等：如果每列之和相等把每一行都加到第一行；如果每一行值相等把每一列都加到第一列（常规处理方法）
2、不明显的递归类型，使用$D_n$表示，行列式中含有$a_n,a_{n-1},\cdots,a_0$的，可能有递归操作，可以按照拆掉最后一项（$a_n$之类的）相关的行或列（肯定选择展开简单的（展开时要细心，不要忘记值前面的系数（-1还是1），又一遍，因为忘两次了））（）
2、明显递归类型：去掉边边角角与之前的行列式类似，求出递归结构之后还需要对递归式进行推导
3、箭头或爪形：将中间的值加到箭头的一条边上，使得该边除第一个元素外都是0
4、加边法（特征：除主对角线元素外，其它各列或者各行的元素相同或者是与某一个值成比例）：添加一层额外的外层，边的一边是1引导一堆零（保证加边之后与加边之前行列式的值相等），剩余元素与的设置为上述其它隔行或者各列的比例数值（元素相同设置为1，与某一个值成比例则设置乘该值）；其中剩余元素在行时，每个元素考虑设置值为该列的公约数，剩余元素在列时，每个元素考虑设置值为该行的公约数（确实<880题 P55>）
5、循环类型：（特征：每一列两个两个相邻的值，到最后一列变成分离到两端的值等类似的）按照两端的值展开即可（这种情况并不是递归）
6、范德蒙类型：看到有高次方，每一列都是等比数列（那么矩阵转置与矩阵转置之前的行列式相等的情况下，每一行都是等比数列也可以化作为范德蒙类型来求解）（范德蒙公式：$\prod_{1\le j \le i \le n}(x_i-x_j)$，列数大的元素减列数小的元素）
7、正对角线和副对角线：注意副对角线的$-1$的次方问题（$(-1)^{\frac {n(n-1)}{2}}$）
8、十字交叉形：应用递推法求解
9、抽象（非数值）可拆解型：拆解成多个行列式求解（行列式拆开的性质）
10、三对角线：逐行把每一行加到下一行（或者展开试试转化成递归形式，归纳法求解）
11、含有$O$块（或者简单变换之后）：利用拉普拉斯展开式（副对角线的行列式系数为$(-1)^{mn}$，$m,n$分别为副对角线上两个行列式的阶数）
注意：递归或者递推时行列的变化，会对代数余子式的正负性造成影响",中等,行列式
行列式求值-具体求解过程,"1、数值型行列式：利用行列式的变换法则，利用倍加性质化出1或者-1，以便抵消其它行，变换成易于求解的形式；逐行相加的方式，转换成对角线的形式（列的数值类似，阶梯状分布）；当行列式阶数小于等于3时，可以使用对角线法则求解
2、带未知参数的行列式：注意使用变换法则时，未知参数不要做变换的分母
3、抽象型行列式：式子分解，如果是单一的矩阵的变换（在知道原矩阵特征值的情况下）考虑使用特征值（牢记变换后的特征值及其大致推导过程）
4、向量形式的行列式：将向量的组合（注意组合后的向量系数变化，利用行列式性质将系数提出来）分解成已知向量的模的形式（其实是利用行列式的性质：行列式的某行或者某列可以拆成两个行列式之和）（推导：利用代数余子式与行列式值的关系，行列式的变换法则）
5、非满秩⇒ 0：如果行列式对应的矩阵不是满秩的，则行列式值为0
6、利用矩阵特征值：行列式的值等于特征值之积（有的行列式不能通过特征值法求解，是不是需要前提条件（目前初步判定为分解的两个行列式的特征值排布不唯一）<880题 P55 三（2）>）
7、含有逆运算，转置，伴随运算：可以先利用矩阵的基本变换化简式子（特别注意矩阵的逆和矩阵的伴随之间的密切联系）
8、相似矩阵：相似矩阵的行列式值相等（证明：利用相似的定义，$|B|=|P^{-1}AP|=|A|$），相似与特征值的构思（这是在构思什么？）
9、行列式性质：转置行列式不变；行或列之间互换变号；行或者列的公因子可以提出来（如果行列式两行成比例则值为0）；行列式的某行或者某列可以拆成两个行列式之和（注意与$|A+B|\ne |A|+|B|$的区别）；某行的k倍可以加到另一行上
10、数学归纳法：初级情况验证，提出中级阶段的假设并假设中级阶段正确，利用假设验证高阶情况时是否正确<详细步骤：复习全书 332页 例 8>
11、展开公式：
注意：行列式展开时，不要忘记值前边的系数（-1还是1）
注意：行列式的某两行或列互换时，行列式值变号（该互换情况也可以复杂一点，做了一系列的行列变换，转换成矩阵与初等矩阵左乘和右乘的关系后，在求解行列式时利用乘积性质展开就相当于初等变换矩阵行列式值与原行列式的乘积关系，初等变换的乘积时注意乘积的顺序（特别是左乘的变换，是是变换的逆序相乘））（在矩阵相关运算过程中没有意识到该点，两次）",中等,行列式
行列式求值-复杂式子的分解,"1、伴随运算核心公式：$AA^*=A^*A=|A|E$
2、逆矩阵的定义和运算：$AA^{-1}=A^{-1}A=E$，$|A^{-1}|=|A|^{-1}$
3、矩阵乘积性质：注意乘积顺序
4、伴随矩阵与原矩阵的行列式关系：$|A^*|=|A|^{n-1}$（伴随矩阵的行列式值和原矩阵的行列式的值的关系）
5、奇数阶反对称阵行列式值为0：$A=-A^T$（证明两边同时取行列式即可证）
6、正交矩阵的行列式为1或者-1：$AA^T=A^TA=E$（证明两边同时取行列式即可证）
注意：分解原则$|AB|=|A||B|$",中等,行列式
行列式求值-递归式的推导,"1、简单类型：$D_{n}=2D_{n-1}-D_{n-2}$ ⇒ $D_{n}-D_{n-1} = D_{n-1}-D_{n-2}$
2、复杂类型：不能一眼看出来参数，设变量$\mu ,k$求解即可$D_{n}-kD_{n-1} = \mu (D_{n-1}-kD_{n-2})$<880题 P56 三（4）>
备注：这里可以参考一下具体数学中推导递归式的步骤",中等,行列式
行列式是否为0的证明,"行列式为0的证明：
1、矩阵不可逆：
2、矩阵非满秩：
3、齐次方程组有非零解：表示列向量之间有线性关系
4、0是矩阵的特征值：因为特征值之积是行列式值
5、A的行或者列向量线性相关（包含了齐次方程组有非零解）：
6、反证法：假设不为0，则说明行列式构成的矩阵可逆，利用可逆性推出不满足现有的条件，得知假设不成立
7、$|A|=k|A|$，$k\ne 1$：代数的方法
——————————————————————————
行列式不为0的证明：
1、矩阵可逆：
2、矩阵满秩：
3、行列式的n个特征值均不为0
4、A的行或者列向量线性无关（包含了齐次方程组只有零解，非齐次方程组有唯一解）
5、$A^TA$是正定矩阵：对于任意的非零值代入到二次形式子中，式子值恒大于零（注意不包括0），即只含有正系数平方项的式子是正定的
6、矩阵A是两组基的过渡矩阵：基的过渡矩阵是可逆的
7、A的标准型是E：标准型是？二次型化标准型（对称阵）
7、A的行最简形式是E/A的行阶梯形有n个非零行：
8、A的伴随矩阵是可逆矩阵：","基础, 疑问",行列式
一些特殊样例,"矩阵杂例：
1、若$AB=O$，如果$A$可逆，则$B=O$，（齐次方程的解，系数矩阵满秩则只有零解；也可以两边同时左乘$A^{-1}$）
2、若$AA^T=A^TA=O$，则$A=O$（这是证明向量为零的一种方法）（该式子可以由特征值证明，所用的$r(A^TA)=r(A)$也可以用特征值证明）
——————————————————————————
伴随与转置矩阵$A^T=A^*$
一、若$A \ne O$，则$|A|\ne 0$
1、假设$A$为三阶矩阵
2、如果$A^T=A^*$，则$a_{ij}=A_{ij}$
3、由$A \ne O$，假设$a_{11} \ne 0$（总得有一个不为0的），则$|A|=a_{11}A_{11}+a_{12}A_{12}+a_{13}A_{13} = a_{11}^2 + a_{12}^2+a_{13}^2\ne 0$
二、与秩的关系：
1、此时A的秩为0（全零矩阵）（$A = O$）或者满秩（可逆，齐次零解，非齐次唯一解）（若$A \ne O$，则$|A|\ne 0$）
——————————————————————————
与自身转置相乘值为1相乘的向量的秩
1、$\alpha^T\alpha=1 \rightarrow (\alpha\alpha^T)\alpha = 1·\alpha$，即1是$\alpha\alpha^T$的特征值
——————————————————————————
$A^n=O$的式子的利用（来源880题）：
1、式子的两边同时加上负号并同时加上$E$：得到$E-A^n=E$，左边可以展开为$(E-A^n)=(E-A)(E+A+A^{2}+\cdots +A^{n-1})=E$，(类似于信号系统中的展开式$1-x^6=(1-x)(1+x+x^2+\cdots+x^{n-1})$），这样可以得到两个式子相乘，可以得到一个式子的逆；左边也可以展开为$(E-A^n)=(E+A)(E\pm A\pm A^{2}\pm\cdots -A^{n-1})=E$（最后一项一定是减法，所以当n为奇数时，A的偶数次方为负号，当n为偶数时，A的奇数次方为负号，此结论待进一步求证（<880题 P59 二 4>））
——————————————————————————
$A^n=E$的式子的利用（来源880题）：
1、行列式值特性：两边同时取行列式，得到$|A|^n=1 \rightarrow |A|=1$
2、推导$(A^*)^n=(A^n)^*=E$：$A^n=E$是已知的，所以右边等式$(A^n)^*=E$成立，$(A^*)^n=E$证明可以通过利用（核心公式同时取n次方利用核心公式推导出来的）$A^*$与$A$是可随意交换位置的特性得到$(AA^*)^n=(AA^*)(AA^*)(AA^*)\cdots(AA^*)=A^n(A^*)^n=|A|^nE=E$；也可以由核心公式的导出公式$A^*=|A|A^{-1}$两边同时取n次方得到$(A^*)^n=|A|^nA^{-n} \rightarrow A^n(A^*)^n=|A|^nE=E$",思路,"向量, 特征值/特征向量/相似矩阵, 矩阵, 行列式"
矩阵的相关基本定义,"1、矩阵、n阶矩阵、O矩阵、矩阵相等：矩阵是符号，行列式是数
2、同型矩阵：形状一致
3、单位阵、数量阵：数量阵是单位阵乘了个常数
4、对角阵、上三角、下三角阵：上三角矩阵的乘积仍是上三角矩阵
5、对称阵、反对称阵：对称（$A=A^T$），反对称（$A=-A^T$，对角线元素为0）；当A为对称矩阵时，$A^*$也是对称矩阵；当A为反对称矩阵时且A的阶数为奇数，$A^*$是对称矩阵，A的阶数为偶数时，$A^*$是反对称矩阵
6、正交阵：$AA^T=A^TA=E$ → $A^T = A^{-1}$（与自身转置相乘值为1）
7、初等矩阵：一次初等变换（倍乘、互换、倍加），初等矩阵的简单表示方法（在大题中用该简单表示法时作一下注明）（表示方法：倍乘：$E_{i}(k)$第$i$行乘$k$倍；互换：$E_{ij}$第$ij$行互换；倍加：$E_{ij}(k)$第$j$行的$k$倍加到第$i$行），初等矩阵的逆与初等矩阵的关系（$E_{i}^{-1}(k)=E_{i}(\frac 1 k)$；$E_{ij}^{-1}=E_{ij}$；$E_{ij}^{-1}(k)=E_{ij}(-k)$）
8、行阶梯矩阵：零行都在矩阵底部；非零行的主元（该行最左边的第一个非0元素）所在的列下面都是0
9、行最简矩阵：行阶梯矩阵进一步满足，非零行主元是1，主元所在的其它列元素都是0
10、等价矩阵：一个矩阵经过有限次初等变换变成另一个矩阵（$B=PAQ$），则这两个矩阵等价，等价标准形（分块之后只有零块和单位阵块，且单位块在左上角）是矩阵的所有等价矩阵的最简矩阵
11、伴随矩阵：伴随矩阵具有$AA^*=A^*A=|A|E$关系成立（并不要求矩阵可逆）
12、可逆矩阵（非奇异矩阵）：$AA^{-1}=A^{-1}A=E$，一个矩阵如果可逆则可逆矩阵是唯一的
13、相似矩阵：$A \sim B$，$A=P^{-1}BP$，此时$|A|=|B|$
14、矩阵的迹：对角线的和
15、可交换矩阵：两个矩阵的相乘可以交换$AB=BA$
16、正交矩阵：列向量两两正交，且是单位向量，定义$AA^T=A^TA=E$，当A为正交矩阵时，$A^*$也是正交矩阵
17、幂等阵：$A^2=A$
18、顺序主子式：",基础,矩阵
矩阵-基本变换公式,"1、逆：$(AB)^{-1}=B^{-1} A^{-1}$，$(A+B)^{-1}\ne A^{-1} + B^{-1}$
2、转置：$(AB)^T=B^TA^T$，$(A+B)^T=A^T + B^T$
3、伴随运算：$(AB)^*=B^*A^*$，核心公式：$AA^*=A^*A=|A|E$（该核心公式可以直接看出$A^*$与$A$是可随意交换位置的；也可以衍生出与逆运算的公式$A^*=|A|A^{-1}$，此时A一定是可逆的，因为如果A不可逆那么$|A|=0$会导致$A^*A=O$），将$A$挪到右边可得到$A^*=|A|A^{-1}$（式子1），将$A^*$挪到右边得到$(A^*)^{-1}=\frac{A}{|A|}$，再由可交换运算可以得到$(A^{-1})^*=\frac{A}{|A|}$（也可以令$B=A^{-1}$代入到式子1或者代入到伴随核心公式中推导）；伴随矩阵的行列式：$|A^*|=|A|^{n-1}$
4、伴随矩阵乘系数的运算：$(kA)^*=k^{n-1}A^*$（推导：依据伴随定义）
5、可交换运算：$""*"",""-1"",""T""$是可交换的（仅限于指数运算中），并且对运算$(AB)^x=B^xA^x$将这三种符号代入到$x$均成立；相同的$T$运算合并成1次方运算，相同的$-1$运算合并成$-2$次方运算；相同的*符号可以由$(A^*)^{*}=|A|^{n-2}A$转换成数值与原矩阵的积（推导（用到了伴随矩阵的行列式运算）：$(A^*)^{*}=|A^*|(A^*)^{-1}=|A^*|\frac{A}{|A|}=|A|^{n-2}A$，$|(A^*)^{*}|=|A|^{(n-1)^2}$）
注意：在进行矩阵相乘相关的计算时，注意乘积的顺序，特别是次方与次方之间的合并时
注意：忘记过一次$E$前边的系数",基础,矩阵
分块矩阵-运算定义,"1、矩阵基本运算：加法、乘法、转置、次方（正对角线，没有副对角线）、逆运算（正对角线与逆对角线，有区别，注意其中是两块$O$区域）；没有交换和消去律
2、按行或者按列分块：若$AB=O$，则$B$的列向量（$B$列分块）是方程组$Ax=0$的解；若$AB=C$，对$B、C$按行分块，则$C$的行向量可以由$B$的行向量线性表出（系数是$A$的行向量），对$A、C$按列分块，则$C$的列向量可以由A的列向量线性表出（系数是$B$的列向量）
3、矩阵的行列式运算（拉普拉斯展开式）：含有一个$O$块，注意正对角线和副对角线的系数区别（注意与不含$O$块仅含副对角线的行列式求解公式的系数的区别）",基础,矩阵
矩阵-是否可逆的证明,"可逆的证明（充要条件）：
1、行列式法：矩阵的行列式不为0（等价于矩阵可逆）
2、秩法：矩阵为满秩
3、方程组法：齐次方程组只有零解；或者非齐次方程组只有唯一解（注意此时不包括齐次值全为0的情况）
4、反证法：设矩阵不可逆，即存在不为0的向量使得与矩阵相乘为0（齐次方程有非零解），解得系数后与现有条件矛盾，则可逆
5、定义法：存在$n$阶矩阵$B$，使得$AB=E$或者$BA=E$成立
6、特征值法：特征值全不为0
——————————————————————————
不可逆的证明：
1、行列式：行列式值为0，转换成了行列式的求解问题
2、秩法：矩阵为非满秩
3、方程组法：齐次方程组有非零解
4、特征值法：特征值有一个是0","基础, 思路",矩阵
矩阵-相关矩阵求解,"求解伴随矩阵：
1、计算逆矩阵（可逆的条件下）：利用逆矩阵与伴随矩阵的关系，计算逆矩阵
2、 计算代数余子式：利用代数余子式构造伴随矩阵，注意排列顺序
注意：伴随矩阵与原矩阵的代数余子式的对应关系
——————————————————————————
求解逆矩阵：
1、初等行变换法：常用（可以适当扩展一下行变换的原理）
2、分块矩阵：注意分块形式的利用
3、定义法：设未知量，求解（分块求解也可以）
4、利用伴随矩阵：参考伴随矩阵的求解
备注：初等矩阵的逆矩阵（$E_{i}^{-1}(k)=E_{i}(\frac 1 k)$；$E_{ij}^{-1}=E_{ij}$；$E_{ij}^{-1}(k)=E_{ij}(-k)$）
——————————————————————————
求解可交换矩阵：
1、设矩阵各个元素，求解
2、可交换定义：$AB=BA$","基础, 简单",矩阵
矩阵的行列初等变换,"1、初等矩阵左乘B时，相当于对$B$做相应的行初等变换（理解：如果初等变换是第$i$行加到第$j$行，将矩阵B做横向量切分，由该初等矩阵左乘时，当乘到第$j$行时，就是B的第$i$个行向量与第$j$个行向量相加并放到第$j$行，表现为$B$的第$i$行数据加到了第$j$行，与初等矩阵的行变换一致）
2、初等矩阵右乘B时，相当于对B做相应的列初等变换（理解：如果初等变换是第$i$列加到第j列，将矩阵B做列向量切分，由该初等矩阵右乘时，当乘到第j列时，就是B的第i个列向量与第j个列向量相加并放到第j列，表现为B的第i列数据加到了第j列，与初等矩阵的列变换一致）
备注：其实一个初等矩阵的行变换也可以认为是列变换，决定矩阵B是做行初等变换还是做列初等变换取决于初等矩阵的位置
备注：简记为前乘行变换，后乘列变换
注意：注意做初等变换的顺序，总是离B最近的变换先做，逆向求初等 变换时特别注意，列式求解",中等,矩阵
求解矩阵的n次方问题,"1、矩阵$A$可以分解成$\alpha\beta^T$的情况：常用于行或列有倍数关系的矩阵或者明确告知该关系的矩阵，$\beta^T\alpha$为具体的数值，则可以将数值$X$提取出来，做一次$\alpha\beta^T$的运算即可，注意此时数值$X$的指数应该是$n-1$次方而不是$n$次方
2、$(A+E)^n$的情况：利用二项式进行分解，一般只需要分解到A的某一个次方开始为0即可（可能是副对角线在内的其中一边全是0，这时高次方导致矩阵值为0；或者A是第一种情况（矩阵$A$可以分解成$\alpha\beta^T$的情况））；或者找到A的次方的规律
3、可以分块的矩阵：如果存在$\alpha,\alpha^T$的形式，分块之后，试乘就变成了第一种情况（矩阵$A$可以分解成$\alpha\beta^T$的情况），注意对偶次方和奇数次方的分类讨论，这时需要乘到四次方才能找得到规律；如果分成了对角线的方块，可以分块计算
4、试乘找规律：乘一项看看，与原矩阵有没有什么规律可循（通常是常数倍）
5、求解相似对角阵：矩阵$A$分解成$A=P^{-1}BP,A=PBP^{-1}$的情况，转换成了求$B$的$n$次方问题
注意：求得结果之后代入1次方的情况进行验证（前边系数的次方应该为$n-1$而不是$n$，错两次了）",中等,矩阵
矩阵的秩的计算,"矩阵的秩的计算：
0、求解矩阵的秩：对矩阵做初等行变换或者列变换均可（列秩和行秩相等）；
1、矩阵的乘积：$r(AB) \leqslant min\{r(A),r(B)\}$；$r(AB) \leqslant r(A)+r(B)$（积的秩可能（等号）会变小）（对于两个列向量，有$r\left(\boldsymbol{\beta} \boldsymbol{\alpha}^{\mathrm{T}}\right) \leqslant r(\boldsymbol{\beta})=1$，可以使用方程组来解释，或者向量的相关性判断）
2、矩阵的乘积且结果为$O$：$AB=O \rightarrow r(A)+r(B) \leqslant n$，其中n为中间阶数（$A_{mn}$与$B_{ns}$）（推导：将矩阵相乘转换为方程组的解的问题，$B$是$A$的解构成的矩阵，即可得到$r(B)\leqslant n - r(A) $，其中n是A的列，也是未知数的个数）
3、矩阵的乘积且其中一个可逆：$r(AB)=r(B)$，其中$A$可逆
4、矩阵的和差：$r(A)-r(B)\leqslant r(A\pm B) \leqslant r(A)+r(B)$（矩阵积或者和的秩可能（等号）会小于两个矩阵的秩和）
5、两个矩阵互为转置：$r(A^TA)= r(A)$（$A$不可逆也行：可以利用特征值来证明，$A^TA$与$A$的特征值为平方关系）（$A$不是方阵也成立，如果$A$不是方阵，那么可以得出$A^TA \ne E$，用秩的关系证明）
6、矩阵的组合：$max\{r(A),r(B)\}  \leqslant r(A,B) \leqslant r(A)+r(B)$
7、单个矩阵$A_{mn}$性质为$0 \leqslant A_{mn} \leqslant min\{ m,n \}$（矩阵的秩小于行数或者列数的最小值）
8、分块矩阵：其中包含两块$O$区域，则秩为另两块区域的秩的和
9、运算不变性：矩阵乘不为0的常系数或者转置之后的秩不变
——————————————————————————
伴随矩阵与原矩阵秩的关系：
0、对$n(n \geqslant 2)$阶矩阵$\boldsymbol{A}, r\left(\boldsymbol{A}^{*}\right)= \begin{cases}n, & r(\boldsymbol{A})=n, \\ 1, & r(\boldsymbol{A})=n-1, \\ 0, & r(\boldsymbol{A}) \leqslant n-2 .\end{cases}$
1、原矩阵秩为n：伴随矩阵秩为n
2、原矩阵秩为n-1：伴随矩阵秩为1（考虑特殊情况，矩阵的最后一列和最后一行是0，这时所有的代数余子式只有第$A_{nn}$的不是零，其它位置的代数余子式都包含最后一行和最后一列0，导致其它的代数余子式为0）
3、原矩阵秩为小于n-1：伴随矩阵秩为0（考虑特殊情况，矩阵的最后两列和最后两行是0，这时所有的代数余子式都是0，任意个位置的代数余子式都至少包含一行或者至少一列0，导致所有代数余子式为0）",中等,矩阵
矩阵方程求解,"求解基本步骤：
1、利用https://www.notion.so/e87b4bd4f421492dbb03bacce1bc3cec来凑成或用已知量表示出未知量的表达式（利用逆运算时判断式子可逆性）（常用于求解逆运算，而直接求逆不方便）
2、如果已知方程，需要求解方程中的矩阵每个元素的具体值，并且如果待求解的矩阵较小，可对矩阵元素设值求解
注意：在进行逆运算时，注意判断式子是否具有可逆性；当不可逆时，转换成求解非齐次线性方程组的问题（非齐次线性方程组具有特解和齐次解，最终的式子里具有未知量并需要对未知量进行说明）
注意：表示时要用题目中所给的已知量来表示
——————————————————————————
求解构造技巧：
1、由$A^2=A$凑$A+E$逆运算的形式，将$A^2=A$中右边的A挪到左边得到$A^2-A=O$，为了凑出$A+E$的形式，$A+E$需要与$A-2E$相乘才能得到待凑式子的一部分$A^2-A$和一个单位矩阵的和或差的形式，所以依照相乘后的结果来对原带待凑的式子$A^2-A=O$进行变换
2、如果给出了多个提示，需要想办法消去提示式子中的中间未知量（例如$A$的与$A^{-1}$相乘可以消去$A$）
3、由$A^2=A$和$AB+BA=O$（1式）推导$AB=BA$，1式分别左乘$A$和右乘$A$得到两个式子，就可以看出来了",中等,矩阵
矩阵可逆性证明,"证明的构造方法：
1、利用已知条件构建（利用可逆的定义）方程（平方）：若$AB=E$，则$A,B$互为逆矩阵
2、已知式子的提因式分析：提取因式辅助
3、对现有的式子进行加项或者减项，构造可分解因式的形式",中等,矩阵
向量空间的定义,"1、维数：维数等于向量组的秩
2、基与基坐标：这两个概念是绑定的，基坐标是相对于基来说的；基是满秩的
3、自然基：
4、解空间：解空间维数与矩阵秩的关系（$n-r(\boldsymbol{A})$）
5、极大线性无关组：向量组中的一组向量线性无关，再添加任一个向量后线性相关
6、正交向量组：两两正交
7、正交规范向量组：两两正交且是单位向量
8、规范正交基（标准正交基）：任意的不同两个基的内积为0，相同的基内积为1；变换不变性：一组规范正交基经过正交矩阵变换之后还是一组规范正交基（变换矩阵为正交是充要条件）（可以用正交矩阵定义式证明）
9、秩：定义为极大线性无关组中向量的个数",基础,向量
正交矩阵,"正交矩阵相关定义：
1、定义：$AA^T=A^TA=E$
2、推论：$A^T=A^{-1}$，（根据可逆的定义推导）
3、推论：$A$的行或者列向量是正交规范向量组
4、推论：行列式的值$|A|=1$或者$|A|=-1$（证明：对定义取行列式即可）
——————————————————————————
正交矩阵的证明：
1、利用定义：$AA^T=A^TA=E$
2、",中等,向量
由向量组求解过度矩阵,"1、由$[\alpha_1,\alpha_2,\cdots,\alpha_n]$向$[\beta_1,\beta_2,\cdots,\beta_n]$过渡（列变换）：过渡方程为：$[\alpha_1,\alpha_2,\cdots,\alpha_n]C=[\beta_1,\beta_2,\cdots,\beta_n]$，其中$C$为过渡矩阵（注意：过渡的方向）
2、求解过渡矩阵：利用过渡方程转换你为求逆运算（在$[\alpha_1,\alpha_2,\cdots,\alpha_n]$为可逆矩阵的条件下），即$C=[\alpha_1,\alpha_2,\cdots,\alpha_n]^{-1}[\beta_1,\beta_2,\cdots,\beta_n]$
3、坐标的过渡矩阵：$[\alpha_1,\alpha_2,\cdots,\alpha_n]$下坐标为$[x_1,x_2,\cdots,x_n]$，$[\beta_1,\beta_2,\cdots,\beta_n]$下坐标为$[y_1,y_2,\cdots,y_n]$，$C$为过渡矩阵，则$x=Cy$（证明：1中的过度方程两边同时右乘$y$，与$[\alpha_1,\alpha_2,\cdots,\alpha_n][x_1,x_2,\cdots,x_n]^T=[\beta_1,\beta_2,\cdots,\beta_n][y_1,y_2,\cdots,y_n]^T$对比）",中等,向量
矩阵等价与向量组等价,"矩阵等价与向量组等价区别：
1、向量组等价：向量组等价可以推出向量组的秩相等；向量组的秩相等无法推出向量组等价（两个向量组的秩和组合后的向量组的秩三者相等可以得到向量组等价）
2、矩阵等价：矩阵等价与秩相等是可以互相推出的（充要条件：两个矩阵的秩相等），前提是矩阵为同型矩阵
备注：原因是矩阵的等价变换是两个维度的；向量组的变换只有一维的组合
——————————————————————————
矩阵的向量组等价推论：
1、矩阵$A、B$的列向量组等价：存在$P$使得$AP=B$，存在$Q$使得$BQ=A$，进一步可以推知$APQ=A$，但这时不可以认为$PQ=E$
2、矩阵$A、B$的行向量组等价：存在$P$使得$PA=B$，存在$Q$使得$QB=A$，此时有$Ax=0$时，$PAx=0 \rightarrow Bx=0$；进一步可以推知$PQB=B$，但这时不可以认为$PQ=E$
备注：如果$Ax=0$与$Bx=0$同解，此时$A、B$的行向量组等价（直观上来说，齐次方程组的线性组合之后的方程的解与方程组的解一致）（推导路径是什么样的？：通过AB的竖式等于AO的竖式的解，所以B可以由A的线性组合消掉）
——————————————————————————
向量组等价的判定：
1、秩：两个向量组的秩和组合后的向量组的秩三者相等
2、线性表出：构建两个向量组的矩阵，做初等行变换（相当于可逆变换），判断两个向量组是否能互相线性表出（非齐次方程求解问题）
3、秩与线性表示：两个向量组的秩相等，并且其中一个向量组可以由另一个表示 
4、向量组转换方程：证明转换系数矩阵可逆（满秩：转换系数矩阵的秩的上限（可以由矩阵的大小决定）和下限$r(AB) \le r(A)$），即可得到可以互相转换","中等, 疑问",向量
向量组相关性,"已知线性相关或者线性无关求解未知参数：
1、构建齐次方程：转换为考虑齐次方程是否具有非零解
——————————————————————————
同一组向量的相关性判断：
1、根据向量组值：当向量组为方阵时，向量组的行列式值不为0（或者说非满秩n阶矩阵）则线性无关
2、构建齐次方程：组成的齐次方程只有零解，则向量组线性无关；否则线性相关
——————————————————————————
两组向量的相关性的判断：
1、少表多：向量组个数多的能够由向量组少的线性表出，则向量组个多的必线性相关（因为多的肯定有重复的）
2、多表少：如果向量组1能够由向量组2线性表出，且向量组1线性无关 ⇒ 则向量组2的向量个数大于等于向量组1的向量个数（相当于少的向量组是从多的向量组里面抽取出来的线性无关向量，有可能抽不完， 再抽可能抽到相对于少的向量组来说线性无关的或者线性相关的向量）
——————————————————————————
判断线性无关的向量构成的新的向量组是否线性相关：
1、定义证明线性相关（观察法）：挑选一个线性无关向量（在新向量组中只出现在两个新向量中组合），先确定这两个向量的系数，逐步地确定其它的系数
2、定义证明线性无关（反证法）：假设存在一组为0的系数使得向量组为0，然后证明系数只能是0（转换成线性无关向量组成的方程，构建系数为0的方程，证明齐次方程组只有零解）
3、构建过渡矩阵：构建向量的过渡矩阵，如果过度矩阵行列式不为0，则就是线性无关的；反之线性相关
——————————————————————————
将某个向量由已知向量线性表出：
1、构建非齐次方程组：转换为非齐次方程组的求解问题（注意利用秩与解的关系，系数矩阵和增广矩阵的秩相等时非齐次方程有解，即表出）",中等,向量
求解矩阵的极大线性无关组,"1、定义：向量组中的一组向量线性无关，再添加任一个向量后线性相关
2、求解：做初等行变换，求出阶梯矩阵
备注：只有零向量的向量组没有极大线性无关组",中等,向量
向量空间的基,"不同基下有相同坐标的向量：
1、设基坐标，联立矩阵方程求解（联立求解的条件是基组成的矩阵是可逆的；联立的中心是不同基下的该向量）
注意：求向量时，求出向量在基下的坐标之后需要用基将向量表示出来
——————————————————————————
证明向量组是向量空间的一组基：
1、由一组基（向量）判断另一组基（向量）（过渡来的）：过渡矩阵满秩（过渡矩阵不为0）
2、只有一组向量：行列式满秩，向量组线性无关（证明向量组线性无关即可，而且向量组组成方阵，即秩等于向量组的向量维度）",中等,向量
方程组的解关系,"齐次方程判断矩阵秩与解的关系：
1、系数矩阵满秩→零解
2、系数矩阵不是满秩→无穷多解
3、基础解系向量个数 = n - r(A)
——————————————————————————
非齐次方程判断矩阵秩与解的关系：
1、系数矩阵与增广矩阵秩相等→有解
1.1 满秩→唯一解
1.2 不是满秩→无穷多解（齐次基础解系+特解）
2、系数矩阵与增广矩阵秩不相等→无解
——————————————————————————
齐次和非齐次方程解之间的关系：
1、非齐次无穷解→齐次有非零解
2、非齐次唯一解→齐次只有零解
注意：反之均不成立（因为有可能无解，齐次只有零解非齐次无解的情况是系数矩阵非方阵时的情况）
——————————————————————————
证明非齐次方程有解：
1、转换成证明秩关系：证明增广矩阵的秩与系数矩阵的秩相同",简单,线性方程组
求方程组的解,"齐次方程，求解通解（基础解系）：
0、参数矩阵为方阵：可以利用$|A| = 0$来讨论参数（防遗漏）
1、对齐次方程的系数矩阵进行初等行变换，求得阶梯矩阵
2、区分自由未知量和独立未知量，将自由未知量逐个赋1，其余自由未知量赋0，求得自由未知量个数的解（即为基础解系）；若自由未知量个数为0，那么就只有0解
3、或者（与2对应）将自由未知量设不同字母表示，代入阶梯矩阵得到通解
注意：基础解系是一组向量；通解为基础解系组成的表达式（注意标注$k$是任意常数）
备注：克拉默法则求解非齐次方程（唯一解为$x_i = \frac {|A_i|}{|A|},i=1,2,\cdots, n$，其中$|A_i|$是$|A|$中的第i列元素替换成方程右端的常数项所构成的行列式）克拉默法则求解范围有限（强限制），要求系数行列式不能为0，方程个数需要与未知数个数相同
——————————————————————————
非齐次方程，求解通解：
0、参数矩阵为方阵：可以利用$|A| = 0$来讨论参数（防遗漏）
1、对非齐次方程的增广矩阵进行初等行变换，求得阶梯矩阵
2、求得对应齐次方程的基础解系
3、将自由未知量取0值（简化计算），求得一个特解（特解的计算，特解只有一个）
4、对应齐次方程的基础解系和特解组成非齐次方程的通解
注意：通解为基础解系和特解组成的表达式（注意标注k是任意常数）
——————————————————————————
抽象方程求解：
1、讨论秩，根据秩确定方程解的情况（通解形式）
2、再根据已知条件求解",重点,线性方程组
两个方程组,"求解两个方程组的公共解：
情况一：已知两个方程组的结构
1、将两个方程组联立求解
情况二：已知其中一个方程组的解和另一个方程组
1、将其中一个方程包含多个未知量表示的解代入到另一个方程组，得到新的关于未知量的方程，求解其中未知量的值
情况三：已知两个方程的通解
1、将两个通解的对应部分相等，求得未知量的关系，从而求解未知量
——————————————————————————
判定方程组同解：（这是啥）
1、同解：方程组一的解是方程组二的解；方程组二的解是方程组一的解
2、利用方程组一的解构成的形式，构造转换成方程组二的形式
注意：反证法的运用
注意：同解方程组的系数矩阵秩相等
——————————————————————————","中等, 疑问",线性方程组
方程基础解系,"齐次方程-判断某个向量是否是解向量：
1、方法一（简单）：行变换求向量的线性表出：基础解系向量与待判断向量一起做初等行变换，判断初等行变换后的待判断向量能否由初等变换后的基础解析向量线性表出（原理是待判断的向量可以由基础解系表出，即非齐次方程的求解问题）
2、方法二：解原方程组（原方程组是具有该基础解系的一个方程组）：根据基础解析向量求出原方程组，并代入待判断向量看是不是原方程组的解进行验证
——————————————————————————
已知通解，求解原齐次方程组：（转置调换位置法）
1、构建新的齐次方程：利用矩阵转置的特性（交换解和矩阵的位置）获得以齐次方程组系数为未知量，通解为系数矩阵的新齐次方程，对新的齐次方程求解，得到的基础解系即是原齐次方程组的系数
——————————————————————————
非齐次方程-判断某个向量是否是解向量：
1、转齐次方程判断：先将待判断向量与特解向量相减得向量A，就转换成了判断A是否是非齐次方程对应的齐次方程
——————————————————————————
判断基础解系组合变换后的组合是否是基础解系：
1、变换矩阵行列式值：利用变换系数矩阵的行列式是否为0判定（为0说明组合线性相关，不为0说明组合线性无关）
2、反证法：将变换后的组合认定为线性相关的，求解线性系数（从出现较少的基础解入手），当求得的系数全是0时，组合就不是线性相关的
注意：基础解系必须是一组线性无关的向量",中等,线性方程组
方程组的解讨论方程未知参数,"齐次方程：（带有未知参数的齐次方程，已知解的个数，判定未知参数的值（或者讨论解的情况对应的未知参数的值））
1、行列式判断参数值：（防遗漏）判断解时，可以使用行列式（系数矩阵是n阶矩阵，否则使用秩来讨论），得到一个包含未知参数的表达式，讨论该表达式的值即可判定齐次方程只有零解（行列式值不为0）或者存在基础解系（行列式值为0）
2、秩判断参数值：将系数矩阵化简成阶梯矩阵形式（注意参数不要做变换的分母），讨论其中参数的值与秩的关系
3、求解具体的基础解系时，需要使用矩阵形式（将行列式为0时的参数条件代入）进行初等行变换化简成阶梯矩阵，求得基础解系
备注：齐次可以用行列式是因为使用行列式能更好地讨论参数（防遗漏）（使用行列式系数矩阵必须是n阶矩阵，否则得用秩来讨论了）
备注：只化简行（初等行变换）将矩阵化简成上三角或者下三角
——————————————————————————
非齐次方程：（带有未知参数的非齐次方程，已知解的个数，判定未知参数的值（或者讨论解的情况对应的未知参数的值））
1、将增广矩阵利用高斯消元法（即化简成阶梯矩阵）
2、根据系数矩阵与增广矩阵秩的关系判定有解或无解的情况；然后将其特定的未知参数值代入求得解（代入后可能需要继续进行行变换）
备注：将首列含有未知参数的进行行交换到末行（更好计算）
注意：未知参数不要用除法消去（防止分母为0）
注意：非齐次方程的求解不要当成齐次方程，每一行与解相乘不是等于0而是根据具体情况等于某个具体值的",中等,线性方程组
根据列向量的线性方程组和方程组的通解求解列向量线性组合之后的方程的解,"观察判断法：（依赖于对现有的关系式观察组合）
1、判断线性组合后的通解形式（应该有几个基础解系）
2、利用已知的通解，构造出所有的满足组合之后的方程组的基础解系和特解
3、将求得的基础解系和特解组合成通解（注意标注k是任意常数）
——————————————————————————
代入求解法：
1、由已知方程的列向量和解，将解代入得到列向量之间的关系1
2、设列向量线性组合之后的解（设解），并得到解与列向量之间的关系2
3、对照关系1和关系2得到新解与已知方程解系数的关系（注意关系1或者关系2需要乘以一个系数，类似于平面束方程的构造）",中等,线性方程组
根据非齐次方程的特解（或者特解组合）求解非齐次方程的通解,"求解方法：<880题 P67 三 1>
1、根据系数矩阵的秩判断线性组合后的通解形式（应该有几个基础解系）
2、线性无关解具有通解的形式，通过将组合（注意这些组合并不是方程组的解）进行再组合，消去其中的特解部分即可得到通解，消去到只保留一个特解（给出的组合可能包含多个特解）时就是方程组的特解
注意：对现有的解组合时，要考虑到有可能组合到零向量的情况（这时零向量无法作为通解存在）（<880题 P67 一 5>））
——————————————————————————
组合方法（可以利用代入齐次表达式证明）：
特解组合成特解：设$\alpha_1,\alpha_2,\cdots,\alpha_n$是方程组$Ax=b$的解，当$k_1+k_2+\cdots+k_n=1$时，$k_1\alpha_1+k_2\alpha_2+\cdots+k_n\alpha_n $也是$Ax=b$的解
特解组合成通解：设$\alpha_1,\alpha_2,\cdots,\alpha_n$是方程组$Ax=b$的解，当$k_1+k_2+\cdots+k_n=0$时，$k_1\alpha_1+k_2\alpha_2+\cdots+k_n\alpha_n $是$Ax=0$的解
注意：对现有的解组合时，要考虑到有可能组合到零向量的情况（这时零向量无法作为通解存在）",中等,线性方程组
线性方程组与空间几何的关系,"1、多个面有一个交点：只有一个值使得方程成立，即非齐次方程有唯一解
2、多个面交于同一条直线：考虑直线的参数方程只有一个变量，即说明非齐次方程对应的齐次方程有一个线性无关的解
3、多点共线：则这些点的值是在同一条直线上的，将直线表示为参数方程的形式，就是一个同解加一个特解，所以这些个点是由两个线性无关的向量组成的，即秩为2（这些点构成的齐次方程组的解的秩也为2）
4、多个面重合：这些面构成的非齐次方程组都是由一个方程组变化（乘常系数）来的（也就是线性相关），所以组成的非齐次方程组秩为1
5、多个面平行：这些面构成的非齐次方程组无解（没有交点），这些面构成的齐次方程是线性相关的（保证面平行）
6、三个面两两相交：三个面没有公共交点说明构成的非齐次方程无解，但是任两个方程有解（通解和特解，即构成一条直线），说明任意两个面有解且是一个通解和一个特解，由于面的方程是具有三个未知数的，所以此时三个面构成的非齐次方程（增广矩阵）秩为3，任意两个面构成的非齐次方程的（系数矩阵和增广矩阵）秩为2
7、两个面平行，另一个面与这两个面相交：三个面没有公共交点说明构成的非齐次方程无解，其中两个面平行说明这两个面的方程的齐次部分是线性相关的，这两个面与另一个面的相交关系分析参考（三个面两两相交）的情况",思路,线性方程组
已知齐次线性方程组只有零解，判断系数矩阵列变换（列组合）之后是否有非零解<复习全书p392>,"求解变换后系数矩阵秩的方法：
1、将变换后的系数矩阵用原齐次方程系数矩阵乘以变换矩阵表示出来（即求解变换矩阵）
2、原系数矩阵构成的齐次方程只有零解，则是可逆的；根据r(AB)=r(B)判断变换后的矩阵是否是可逆的，转换为求解变换矩阵是否是可逆的（对系数变换矩阵进行可逆性判断：判断系数变换矩阵的行列式是否为0）",中等,线性方程组
系数矩阵与系数伴随矩阵的解的关系,"1、秩的关系：参考伴随矩阵与原矩阵秩的关系
2、解的个数：由$n - r(A)$，推断线性无关解的个数
3、伴随矩阵与行列式的关系：伴随矩阵的行乘矩阵的列是行列式的值或者0（取决于是否是同一行，即代数余子式的性质）
4、如果$A^T=A^*$，则对于伴随矩阵的某一行的解（如果解为$A$的列）的值有类似于$a_{11}A_{11}+a_{21}A_{21}+a_{31}A_{31} = a_{11}^2 + a_{21}^2+a_{31}^2\ge 0$的关系",中等,线性方程组
已知系数的方程组新加一个带有未知系数的方程，与原方程同解，求解未知系数的关系,"同解推出方程组系数之间有关系：
1、转换成非齐次方程求解：未知方程是已知方程的的组合，从而求得未知系数与已知系数之间的组合关系（原理：齐次方程组合之后的解与组合前的解相同，即同解）",简单,线性方程组
线性方程组界的奇葩,"1、如果矩阵A的行元素之和为固定的值，那么设解向量为全1可能有惊喜
2、其它行或列为固定值的一般是加到同一行或者同一列上的思路",思路,线性方程组
向量组与矩阵构成的方程的基础解系等价，求解方程组的基础解系,"1、等价：向量组必是矩阵构成的方程的解
2、求解：转换成了由一堆解找一些线性无关的解来组成方程的基础解系（判断方程组的解的结构）
",中等,线性方程组
判断列向量是否能由某几个列向量线性表出,"1、直接表出：根据现有的方程进行组合（依据通解），将未知向量表出
2、反证法：不能表出时反证法的应用（通常假设能线性表出后得出与现有的条件矛盾（通常是秩））",简单,线性方程组
特征值/特征向量/相似矩阵-定义,"1、特征值，特征向量：特征值之和、特征值之积与矩阵的关系
2、特征方程，特征多项式，特征矩阵：
3、相似对角化，相似标准形：$A \sim B$，$A=P^{-1}BP$，相似标准形是一个对角阵
4、相似矩阵：$A \sim B$，具有反身性，对称性，传递性
5、实对称阵：元素是实数，并且对称$A=A^T$
注意：特征向量必须是非零向量，在大题中如果出现抽象特征向量需要对其进行讨论",基础,特征值/特征向量/相似矩阵
求解特征值和特征向量,"矩阵形式-求解方案一：
1、由$|\lambda E - A|=0$求出所有的特征值
2、对每一个特征值建立齐次线性方程组$(\lambda _i E - A)x = 0$，求出对应特征值的特征向量
技巧：由于一个特征值必有一个特征向量，系数矩阵$(\lambda _i E - A)$初等行变换后必有一行值为零，所以可以将任意一行改成0然后求解
——————————————————————————
矩阵形式-求解方案二：
1、利用定义$A\alpha=\lambda \alpha$的数值$\lambda$即是A的特征值，$\alpha$是A对应的特征向量（一般应用于抽象矩阵，或者元素为文字的矩阵）
备注：若$A\alpha_i=0=0\alpha_i$，则$\alpha_i$是对应$\lambda=0$的特征向量，若$\alpha_i$是齐次方程组$Ax=0$的基础解系，则$\alpha_i$进一步还是线性无关的特征向量（故当$|A|=0$时，$Ax=0$有解，$A$有特征值$\lambda=0$）
——————————————————————————
证明具有相同特征值：
1、证明具有相同的特征方程$|\lambda E-A|=|\lambda E-B|$
2、
——————————————————————————
抽象矩阵的特征值：
1、若矩阵A满足某个条件，则应该联想到特征值$\lambda$满足的条件，获取到特征值$\lambda$的范围（矩阵关系对应到特征值关系）
2、矩阵变换后的特征值：$\begin{array}{c|c|c|c|c|c|c}\hline \text { 矩阵 } & \boldsymbol{A} & k \boldsymbol{A}+\boldsymbol{E} & \boldsymbol{A}+k \boldsymbol{E} & \boldsymbol{A}^{n} & \boldsymbol{A}^{-1}(\boldsymbol{A} \text { 可逆 }) & \boldsymbol{A}^{*}(\boldsymbol{A} \text { 可逆 }) \\\hline \text { 特征值 } & \lambda & k \lambda+1 & \lambda+k & \lambda^{n} & \frac{1}{\lambda} & \frac{|\boldsymbol{A}|}{\lambda} \\\hline\end{array}$
3、
——————————————————————————
注意：对于特征向量的表示，全体特征向量为带有常系数$k$的一个向量，即其个数是无限的；如果一个特征值具有两个特征向量，则用$k_1$和$k_2$表示常系数，并且需要在后边说明$k_1$和$k_2$不同时为0（即先求出来一个特征向量，然后加上常数就扩展到了全体特征向量上）
注意：对于特征值和特征向量的描述，要一一对应，并且特征向量描述为全体特征向量",中等,特征值/特征向量/相似矩阵
特征值和特征向量应用,"由特征值和特征向量反求矩阵：
1、利用对角化公式$P^{-1}AP=\Lambda$，根据特征向量凑可逆矩阵$P$（注意一一对应和对应关系（$A=P\Lambda P^{-1}$））
2、上述方法中构造可逆矩阵P时，如果可以构造成正交矩阵的形式，则可以利用$A=Q\Lambda Q^{-1}=Q\Lambda Q^{T}$，可以简化计算（利用了正交矩阵的性质）
备注：相同特征值的特征向量线性无关；不同特征值的特征向量具有正交的性质（该正交性质并不是实对称矩阵才有的）
——————————————————————————
利用特征值，特征向量及相似矩阵确定参数：
1、定义：利用特征值的定义代入矩阵方程$A\alpha=\lambda \alpha$，使得对应分量相等
——————————————————————————
求解$A^n$与特征向量或者特征向量组合相乘的问题：
1、矩阵变换后的特征值：$\begin{array}{c|c|c|c|c|c|c}\hline \text { 矩阵 } & \boldsymbol{A} & k \boldsymbol{A}+\boldsymbol{E} & \boldsymbol{A}+k \boldsymbol{E} & \boldsymbol{A}^{n} & \boldsymbol{A}^{-1}(\boldsymbol{A} \text { 可逆 }) & \boldsymbol{A}^{*}(\boldsymbol{A} \text { 可逆 }) \\\hline \text { 特征值 } & \lambda & k \lambda+1 & \lambda+k & \lambda^{n} & \frac{1}{\lambda} & \frac{|\boldsymbol{A}|}{\lambda} \\\hline\end{array}$
2、由特征值的定义转换成$A\alpha=\lambda \alpha$形式",中等,特征值/特征向量/相似矩阵
矩阵相似,"矩阵相似的必要条件：（快速判定是否相似）（并不能由这些条件得到矩阵相似）
1、类特征多项式：$\lambda E-A\sim \lambda E-B$，其中$\lambda$为实数，特别的当$\lambda$是特征值时也成立；$|\lambda E-A|=|\lambda E-B|$（特征多项式相等）
2、秩的关系：$r(A)=r(B)$
3、特征值的关系：$A,B$具有相同的特征值（利用定义来证明）（反之具有相同的特征值不一定相似（就是非充分条件）（重根的情况导致的（<复习全书 P414 例 5 评注>）））
4、特征值与特征向量判定：
4.1、实对称矩阵的相似判定：$A,B$是同阶实对称矩阵，且$A \sim B \Leftrightarrow A,B$具有相同的特征值及重数 
4.2、不能化为相似对角阵的矩阵判定：对于三阶矩阵来说，若两个矩阵的特征值相同，并且特征值对应的线性无关的特征向量个数相同，则它们相似（对于四阶和四阶以上的不成立）（三阶矩阵相似充要条件）（即不能化为相似对角阵的两个矩阵也可能相似）
5、行列式的关系：$|A|=|B|$，行列式值等于特征值之积
6、矩阵的特征：$A,B$对角线的和相等（迹相等）：$tr(A)=tr(B)$
7、相似传递性：$A,B$相似于同一个对角矩阵（也是充分条件）
注意：是必要条件（相似的推论）
——————————————————————————
相似于对角阵的条件：（矩阵可相似对角化的判定）（充分或者充要条件）（单个矩阵）
1、实对称矩阵（或者实对称式子组合等）必相似于对角阵（充分）
2、有n个互不相等的特征值（充分）
3、每个r重特征值具有r个线性无关的特征向量（充要）
4、有n个线性无关的特征向量（充要）
5、若$n$阶矩阵$\boldsymbol{A}$有一个非零特征值，且$r(\boldsymbol{A})=1$（两个条件缺一不可，因为如果$r(\boldsymbol{A})=1$不一定会有一个非零特征值），则矩阵$\boldsymbol{A}$一定相似于对角矩阵
注意：条件“A有n个不同的特征值”与“A为实对称矩阵”均能推出“A有n个线性无关的特征向量”和“A的每个特征值对应的线性无关的特征向量的个数等于该特征值的重数”，但它们之间并没有相互蕴含的关系
——————————————————————————
相似对角化A为对角矩阵：
1、求解所有的特征值和特征向量
2、利用特征向量构造可逆矩阵P使得对角矩阵为对应的特征值排列（注意一一对应关系）
——————————————————————————
相似杂例：
1、证明$AB \sim BA$：$AB = EAB = B^{-1}BAB = B^{-1}(BA)B$（恒成立的，B可逆是前提）
2、",中等,特征值/特征向量/相似矩阵
实对称阵,"实对称阵的性质：
1、特征值全部都是实数，并且对应的对角阵的对角线上就是所有的特征值，非零特征值的个数等于矩阵的秩（对于非实对称矩阵的非零特征值个数不一定等于矩阵的秩）
2、属于不同特征值对应的特征向量互相正交（这是由于实对称性质带来的）（怎么证明）
3、实对称阵必相似于对角阵，即必存在可逆阵$P$，使得$P^{-1}AP=\Lambda$，且存在正交阵$Q$使得$Q^{-1}AQ=Q^{T}AQ=\Lambda$，即$P$就是正交阵（正交阵定义：$AA^T=A^TA=E$，即单位阵的各个向量是标准化之后的），所以$P^T=P^{-1}=Q^T=Q^{-1}$（这里将相似与合同关联了起来），所以由特征向量阵$Q$和对角阵求$A$时，$A=Q\Lambda Q^{-1}=Q\Lambda Q^{T}$（使用正交阵的变换可以将逆运算替换为转置运算）
——————————————————————————
实对称阵正交相似于对角阵的步骤：
1、求解所有的特征值和特征向量（尽量使得各个向量刚好正交，不同特征值的特征向量已经正交，在求解同一个特征值对应的特征向量时就尽量保证不同的特征向量正交（避免正交化：求出第一个特征向量之后，其它特征向量设未知数，利用正交关系求解未知量即可））
2、对应特征值的所有特征向量正交化（不同特征值的特征向量已正交）（备注：取正交的基础解系，跳过施密特正交化，设自由变量让第二个解向量与第一个解向量正交，把第二个解向量代入方程，确定自由变量）
3、全部特征向量标准化
4、将n个单位正交向量合并成正交矩阵（即待求解的量），对应的特征值组成对角矩阵（即待求解的量）
注意：前提必须是实对称矩阵
——————————————————————————
线性无关向量得到标准正交向量组的方法：
1、设向量组$\boldsymbol{\alpha}_{1}, \boldsymbol{\alpha}_{2}, \boldsymbol{\alpha}_{3}$线性无关
2、令$\boldsymbol{\beta}_{1}=\boldsymbol{\alpha}_{1}$；$\boldsymbol{\beta}_{2}=\boldsymbol{\alpha}_{2}-\frac{\left(\boldsymbol{\alpha}_{2}, \boldsymbol{\beta}_{1}\right)}{\left(\boldsymbol{\beta}_{1}, \boldsymbol{\beta}_{1}\right)} \boldsymbol{\beta}_{1}$；$\boldsymbol{\beta}_{3}=\boldsymbol{\alpha}_{3}-\frac{\left(\boldsymbol{\alpha}{3}, \boldsymbol{\beta}_{1}\right)}{\left(\boldsymbol{\beta}_{1}, \boldsymbol{\beta}_{1}\right)} \boldsymbol{\beta}_{1}-\frac{\left(\boldsymbol{\alpha}_{3}, \boldsymbol{\beta}_{2}\right)}{\left(\boldsymbol{\beta}_{2}, \boldsymbol{\beta}_{2}\right)} \boldsymbol{\beta}_{2}$
3、则$\boldsymbol{\beta}_{1}, \boldsymbol{\beta}_{2}, \boldsymbol{\beta}_{3}$两两正交
4、再将$\boldsymbol{\beta}_{1}, \boldsymbol{\beta}_{2}, \boldsymbol{\beta}_{3}$单位化, 取$\boldsymbol{\gamma}_{1}=\frac{\boldsymbol{\beta}_{1}}{\left|\boldsymbol{\beta}_{1}\right|}, \boldsymbol{\gamma}_{2}=\frac{\boldsymbol{\beta}_{2}}{\left|\boldsymbol{\beta}_{2}\right|}, \boldsymbol{\gamma}_{3}=\frac{\boldsymbol{\beta}_{3}}{\left|\boldsymbol{\beta}_{3}\right|}$
——————————————————————————","中等, 疑问",特征值/特征向量/相似矩阵
二次型相关概念,"1、二次型：$n$个变量的二次齐次多项式，当系数均为实数时，称为n元实二次型
2、二次型矩阵表示：二次型表示矩阵为对称阵形式；$r(f)$是求解二次型系数矩阵的秩（注意求解二次型的秩时一定要是对实对称矩阵求解的）
3、二次型的标准形：二次形式子中只有平方项，没有混合项
4、二次型的规范性：二次形的标准形式子中的系数只有0，-1，1（注意规范型的表示是由只有平方项的二次型的式子表示的）
5、合同矩阵和合同二次型：（合同的定义）合同为存在可逆阵$C$，使得$C^TAC=B$，记为$A \simeq B$（合同的表示）
6、正惯性指数，负惯性指数和符号差：正惯性指数为标准形中正平方项的项数；负惯性指数为标准形中负平方项的项数；符号差是正惯性指数减去负惯性指数；秩就等于正惯性指数加上负惯性指数
7、正定与正定二次形：（正定的定义）对于任意的非零值代入到二次形式子中，式子值恒大于零（注意不包括0），即只含有正系数平方项的式子是正定的（注意判断正定的首要条件是矩阵是否是实对称矩阵）
8、惯性定理：二次型经过可逆线性变换，正负惯性指数不变，秩不变",基础,二次型
矩阵正定判断,"正定的充要条件：（判定条件与推论）
1、特征值法：矩阵$A$的全部特征值大于0；矩阵的正惯性指数等于未知量的个数（实际上还是特征值大于0）
2、定义法：仅在平方项的值为0时等号才成立（平方项为0当且仅当构成的齐次方程组只有零解（各个项线性无关）；若存在非零解，则各个项之间线性相关，导致值非零时也等于零就不满足正定的定义）（反证法）；若方阵$A$各列线性无关，则$A^TA$正定：$A$各列线性无关，则$Ax=0$只有零解，所以当$x\ne 0$时，$x^TA^TAx = (Ax)^TAx \ne 0$
3、矩阵合同于$E$：对于矩阵$A$有$A \simeq E$，即存在可逆矩阵$C$，使得$C^TAC=E$，则$A$正定；对于矩阵$A$有$A=D^TD$，其中$D$是可逆阵（由$A=D^TD$可以得到$(D^{-1})^TAD^{-1}=E$），则$A$正定
4、行列式法：$A$的全部顺序主子式大于0，$a_{11}>0,\left|\begin{array}{ll}a_{11} & a_{12} \\a_{21} & a_{22}\end{array}\right|>0, \cdots,\left|\begin{array}{ccc}a_{11} & \cdots & a_{1 n} \\\vdots & & \vdots \\a_{n 1} & \cdots & a_{n n}\end{array}\right|>0$
性质：可逆线性变换不改变矩阵的正定性（作可逆线性变换成标准形）
——————————————————————————
正定的必要条件：（推论）
1、矩阵$A$的主对角元素大于0：$a_{ii} > 0$
2、矩阵$A$的行列式$|A|$大于0
——————————————————————————
判断非正定：
1、不满足正定的必要条件
2、不满足正定的定义",重点,二次型
矩阵合同的判断,"两个矩阵合同的充要条件：（推导合同性）
1、矩阵$A,B$具有相同的正负惯性指数
——————————————————————————
两个矩阵合同的必要条件：（合同性的推论）
1、矩阵$A,B$具有相同的正负惯性指数
2、矩阵$A,B$的秩相等",中等,二次型
二次型、标准型、规范型,"二次型化为标准型：（重点）
定理：对于任意一个n元二次型，必定存在（因为二次型对应矩阵是实对称矩阵）一个正交变换$x=Qy$，化二次型为标准形（从$x^TAx \Rightarrow y^TQ^TAQy$），即$Q^{-1}AQ=Q^TAQ=\Lambda$
1、配方法：若二次型中含有某变量的平方，则先集中处理含该变量的项，对含该变量的项配方，直至全部配成完全平方，再利用同样的方法处理含其它变量的项；若二次型中只含有混合项，则先选取其中一个，利用平方差公式将混合项转化为平方项，再进行配方
注意：在求解可逆线性变换时，如果表示的方程个数不够，注意补充（即所作的线性变换一定是可逆的）
2、正交变换：利用正交变换$x=Py$将二次型$x^TAx$化为标准形与利用正交矩阵$P$把实对称矩阵$A$化为对角矩阵的过程一致。此时二次型变为$y^TP^TAPy$，又因为$P$是正交矩阵，其中$P^TAP =P^{-1}AP= \Lambda$（注意表示格式），矩阵$A$既相似于对角矩阵，又合同于对角矩阵，二次型的标准形的系数为$A$的特征值（当求解出二次型得特征值之后，就可以得到标准型得格式）
备注：当求解二次型式子的标准型时（获得标准形或者判断曲面类型），注意化简之后的平方项里构成的变换矩阵需要是满秩的（行列式不为0，向量组线性无关），否则就需要进一步化简（被坑两次）
——————————————————————————
标准型化成规范性：
1、分析正惯性指数和负惯性指数的个数（或者将对角阵形式进一步变换）
2、构造新的二次式（注意并非是矩阵的形式）
——————————————————————————
规范型的求解：
1、正定二次型：正定二次型的规范型是系数全为1的平方和
2、秩求解项个数：利用秩判断总的项的个数，如果还能判断只有正惯性指数或者负惯性指数就可以直接写出来规范型
3、计算特征值：由特征值的正负情况得到规范型的系数
4、配方法：将二次型进行配方，得到向规范型的转换方程（要写出来这个方程），从而得到规范型
——————————————————————————
二次型不同的正交变换关系：
1、关联：二次型正交变换成标准形形式，即标准形的每一个值对应正交变换对应的列（特征值与特征向量的对应关系）；当正交矩阵的对角阵发生列的交换时，对应的特征向量也会发生响应的列变换，即列之间的变换关系","疑问, 重点",二次型
二次型与曲面关联,"判断方式：将二次型式子化成标准形式，与常见的曲面类型进行对比（$f(x,y,z)=1$）
1、椭球或者球：系数全正（从图像上看是一个包围的闭曲面）
2、单叶双曲面：两正一负（负号个数决定有几个”叶“）（从图像上看是一个连在一起的面）（双曲线旋转轴问题）
3、双叶双曲面：两负一正（负号个数决定有几个”叶“）（从图像上看是两个不相连接的面）（双曲线旋转轴问题）
4、柱面：两正一零（椭圆在一个方向上延伸）
5、双曲柱面：一正一负一零（双曲线在一个方向上延伸）
6、两个平行平面：一正两零（单个轴上的两个值在平面上延伸）
注意：曲面类型与二次型的秩有联系
备注：当求解二次型式子的标准型时（获得标准形或者判断曲面类型），注意化简之后的平方项里构成的变换矩阵需要是满秩的（或行列式不为0，或向量组线性无关），否则就需要进一步化简（被坑两次，这里又写一次，下一次不被坑就删掉）","中等, 思路",二次型